ID,name,RMSE,RMSE_lower_bound,RMSE_upper_bound,MAE,MAE_lower_bound,MAE_upper_bound,ME,ME_lower_bound,ME_upper_bound,R2,R2_lower_bound,R2_upper_bound,m,m_lower_bound,m_upper_bound,kendall_tau,kendall_tau_lower_bound,kendall_tau_upper_bound,unmatched exp pKas,"unmatched pred pKas [2,12]"
xvxzd,Full quantum chemical calculation of free energies and fit to experimental pKa,0.6800760606548816,0.5432532907687121,0.8088263101556477,0.5786206896551724,0.45,0.710689655172414,0.2351724137931035,-0.009999999999999986,0.4548275862068966,0.9373019916256838,0.8758897604464243,0.9722460039099146,0.9231109183518852,0.8386679136270357,1.0150496134471896,0.8162768227539741,0.6795372423202494,0.918158567774936,2,4
gyuhx,S+pKa,0.7319946236361701,0.5544890120788046,0.9064695785155692,0.5854838709677418,0.4387096774193545,0.7432258064516125,0.034516129032258064,-0.2338709677419355,0.2825806451612903,0.9289338326791168,0.8765979803041395,0.9648944856756306,0.9794011218220198,0.9027046723411448,1.083316808941515,0.878364340955178,0.8026627269868721,0.941834451901566,0,7
xmyhm,ACD/pKa Classic,0.786546145314868,0.520929690011506,1.033161449457519,0.5635483870967742,0.3829032258064518,0.7680645161290324,0.13387096774193538,-0.1448387096774194,0.4112903225806451,0.9189786968510704,0.8467870940328736,0.9679466342733168,0.9609109034590856,0.8587995936413148,1.0823509664790572,0.8069044608669647,0.6839729119638827,0.9010016697590996,0,3
8xt50,ReSCoSS conformations // DSD-BLYP-D3 reranking // COSMOtherm pKa,1.0714295545310388,0.7834106573595461,1.360286971620801,0.8141935483870967,0.5835483870967739,1.0732258064516127,-0.4748387096774194,-0.8158064516129032,-0.13774193548387098,0.9055345284698464,0.8422372872939891,0.9511298637861187,1.078110573113922,0.9358523160879864,1.215795899320157,0.8008616049885446,0.6839729119638827,0.8930957683741647,0,0
